Image Taken,Image Number,Latitude,Longitude,Time
True,1,43.119259801835824,103.7880866205047,22:29:42
False,1,43.119294145036555,103.78815744794079,22:29:42
False,1,43.294601696897125,104.15214281941904,22:29:47
False,1,43.46863508452963,104.51841129342425,22:29:52
False,1,43.64160518201444,104.88746133659347,22:29:57
True,2,43.81322155291409,105.25872652268754,22:30:02
False,2,43.81325499328461,105.258799371654,22:30:02
False,2,43.98335220984838,105.63195753194199,22:30:07
False,2,44.15223364527964,106.00771579300103,22:30:12
False,2,44.31970820488954,106.38569856444106,22:30:18
True,3,44.48566765366894,106.76569860151736,22:30:23
False,3,44.48570003687816,106.76577328985711,22:30:23
False,3,44.65014391008013,107.14782375539775,22:30:28
False,3,44.81326168698898,107.53240809965713,22:30:33
False,3,44.97496855122356,107.91937808344899,22:30:38
True,4,45.1353036650084,108.30887911355093,22:30:43
False,4,45.13535021842958,108.30899306601285,22:30:43
False,4,45.29395665516121,108.70019606674109,22:30:48
False,4,45.451172949065366,109.09397142373261,22:30:53
False,4,45.606785046772885,109.48982895198743,22:30:59
True,5,45.76101263692349,109.88837622783898,22:31:04
False,5,45.76104244913078,109.88845387980707,22:31:04
False,5,45.91353034870082,110.2888168335959,22:31:09
False,5,46.06449982480917,110.69161157946844,22:31:14
False,5,46.214068271028005,111.0972117486584,22:31:19
True,6,46.36186560461763,111.5046601789267,22:31:24
False,6,46.36189415461034,111.50473954133669,22:31:24
False,6,46.50819798348134,111.91484573954932,22:31:29
False,6,46.65285968619477,112.32724605321421,22:31:35
False,6,46.79549867909443,112.7408738228774,22:31:40
True,7,46.93671319447421,113.15750016915987,22:31:45
False,7,46.936740514915506,113.1575814785752,22:31:45
False,7,47.07632149091926,113.57665949968367,22:31:50
False,7,47.21419143737873,113.99800483073169,22:31:55
False,7,47.349985490210614,114.42051831933479,22:32:00
True,8,47.484460648272766,114.84660659771619,22:32:05
False,8,47.484499659363095,114.84673134757952,22:32:05
False,8,47.617092746690936,115.27468323905154,22:32:10
False,8,47.748041834059464,115.70531145208372,22:32:16
False,8,47.87720044229427,116.1381925082051,22:32:21
True,9,48.004616153452744,116.57353874631082,22:32:26
False,9,48.00464079126595,116.57362375107047,22:32:26
False,9,48.130086135893606,117.01069798144256,22:32:31
False,9,48.25379869291044,117.45036910004873,22:32:36
False,9,48.37564471622666,117.89221883851138,22:32:41
True,10,48.495611057692045,118.33624471747194,22:32:46
False,10,48.49564576129961,118.33637450070657,22:32:46
False,10,48.61361124128742,118.78216394926557,22:32:52
False,10,48.72937627140947,119.22895741032553,22:32:57
False,10,48.843580426307675,119.67927714056958,22:33:02
True,11,48.95583782144657,120.13169205144966,22:33:07
False,11,48.95587032689529,120.13182451021144,22:33:07
False,11,49.06615199412649,120.586263461142,22:33:12
False,11,49.1741671072074,121.04152643474181,22:33:17
False,11,49.2804996817343,121.5001215215682,22:33:22
True,12,49.38494079791591,121.96125544679765,22:33:27
False,12,49.38496088101698,121.96134518094867,22:33:27
False,12,49.48734592826163,122.42435176231538,22:33:33
False,12,49.58768635389851,122.88932000723537,22:33:38
False,12,49.68588272028292,123.35581755886152,22:33:43
True,13,49.782107215103316,123.82470861486715,22:33:48
False,13,49.782135171333614,123.82484661255113,22:33:48
False,13,49.876239193126985,124.29546648967926,22:33:53
False,13,49.968227029499296,124.76786707874041,22:33:58
False,13,50.05813324185475,125.24227306796163,22:34:03
True,14,50.14589186796154,125.71838285550446,22:34:09
False,14,50.14591724327707,125.71852248099343,22:34:09
False,14,50.23148811016976,126.19615052412965,22:34:14
False,14,50.31496242757973,126.67584844086981,22:34:19
False,14,50.39633059029739,127.1576356845795,22:34:24
True,15,50.4754820167586,127.64090937395254,22:34:29
False,15,50.47550481043409,127.64105074181602,22:34:29
False,15,50.552428463713824,128.12577322146703,22:34:34
False,15,50.62716408952557,128.61223053152,22:34:39
False,15,50.699643464671915,129.10001628891231,22:34:45
True,16,50.76994713280067,129.58972323432667,22:34:50
False,16,50.76996060057439,129.58981871268264,22:34:50
False,16,50.837950551861944,130.08052665092768,22:34:55
False,16,50.90368453427623,130.5726641513761,22:35:00
False,16,50.967248531220484,131.06695832813887,22:35:05
True,17,51.028481184463786,131.5622170281494,22:35:10
False,17,51.028498703437165,131.56236161507002,22:35:10
False,17,51.08744832620017,132.05900322450574,22:35:15
False,17,51.14406674107139,132.55664455090144,22:35:20
False,17,51.198444958591956,133.05615053458368,22:35:26
True,18,51.25040841079605,133.5559415164239,22:35:31
False,18,51.2504233665804,133.55608881952838,22:35:31
False,18,51.300100332862485,134.05741148937776,22:35:36
False,18,51.347444294052686,134.55986263280818,22:35:41
False,18,51.3924446752972,135.0633760369575,22:35:46
True,19,51.43508360730957,135.56778709266095,22:35:51
False,19,51.43509570769365,135.5679344498785,22:35:51
False,19,51.47527774735784,136.07204967064695,22:35:56
False,19,51.5132386640367,136.57891555878717,22:36:02
False,19,51.54881564515894,137.0865738927608,22:36:07
True,20,51.582003630251855,137.59498462690595,22:36:12
False,20,51.58201298918896,137.59513346582858,22:36:12
False,20,51.612700915782916,138.10244063409033,22:36:17
False,20,51.64109395533869,138.61203752694328,22:36:22
False,20,51.66707624398937,139.12206693169188,22:36:27
True,21,51.69066744761814,139.63296999106595,22:36:32
False,21,51.69067398065692,139.63311917060378,22:36:32
False,21,51.71183663221367,140.1441217780959,22:36:37
False,21,51.73061335751537,140.65633220431675,22:36:43
False,21,51.7469109787482,141.16701814181212,22:36:48
True,22,51.76084574360478,141.67982593721428,22:36:53
False,22,51.76084822955836,141.67992617479078,22:36:53
False,22,51.77231872251717,142.19115356343838,22:36:58
False,22,51.78140122462791,142.70409015166544,22:37:03
False,22,51.78806284952013,143.21770686423903,22:37:08
True,23,51.792289255220275,143.73091807683355,22:37:13
False,23,51.79229013478831,143.73106794741364,22:37:13
False,23,51.794088380027,144.24469867109022,22:37:19
False,23,51.79345559468416,144.75821476655722,22:37:24
False,23,51.790390895060995,145.27189811251478,22:37:29
True,24,51.784899988889734,145.78507039442775,22:37:34
False,24,51.78489867901123,145.7851706382908,22:37:34
False,24,51.777005898056785,146.29676712052753,22:37:39
False,24,51.76665387373039,146.81025956634048,22:37:44
False,24,51.753890495768786,147.32280740905682,22:37:49
True,25,51.7386861865537,147.8356529646599,22:37:54
False,25,51.738681402435084,147.83580235954693,22:37:54
False,25,51.72107186755047,148.347735135665,22:38:00
False,25,51.701053579224755,148.8590630655768,22:38:05
False,25,51.67861705558875,149.37006809912648,22:38:10
True,26,51.65376865243427,149.88060516247003,22:38:15
False,26,51.65376065900402,149.88076172154217,22:38:15
False,26,51.62652287952494,150.39042209055023,22:38:20
False,26,51.59688049218537,150.89956355555552,22:38:25
False,26,51.564822501641174,151.40835430616374,22:38:30
True,27,51.5304053468253,151.9159478116615,22:38:36
False,27,51.53039494452199,151.91609597960144,22:38:36
False,27,51.49359617702089,152.42289720163876,22:38:41
False,27,51.45443942479299,152.92864741505585,22:38:46
False,27,51.412895696376594,153.43375363101714,22:38:51
True,28,51.3690095111453,153.93770770221977,22:38:56
False,28,51.36899635519349,153.937854684897,22:38:56
False,28,51.3227762901867,154.44062063338103,22:39:01
False,28,51.2742044593773,154.94244558279343,22:39:06
False,28,51.22324526321591,155.44368896709415,22:39:11
True,29,51.17003648027256,155.94305049919765,22:39:17
False,29,51.17002588815619,155.94314767271058,22:39:17
False,29,51.11450134960861,156.44133283490967,22:39:22
False,29,51.05677537184763,156.93741599465878,22:39:27
False,29,50.99683715336751,157.43162253655876,22:39:32
True,30,50.93443323536152,157.92602597887054,22:39:37
False,30,50.934420811346534,157.92612251277174,22:39:37
False,30,50.86974424279358,158.4191413892053,22:39:42
False,30,50.802810286268745,158.91070673852872,22:39:47
False,30,50.73363750843595,159.40073013070904,22:39:53
True,31,50.6622011048349,159.88942422674836,22:39:58
False,31,50.66217980514278,159.8895674710639,22:39:58
False,31,50.58850633561741,160.37677588630203,22:40:03
False,31,50.51269063254762,160.8619390070074,22:40:08
False,31,50.43459401622497,161.3459849951065,22:40:13
True,32,50.3543490871467,161.828123013624,22:40:18
False,32,50.35432536512103,161.82826338799566,22:40:18
False,32,50.27202117155504,162.3080395825802,22:40:23
False,32,50.18746343991395,162.786639298749,22:40:28
False,32,50.100701657543,163.26378841765785,22:40:34
True,33,50.0118748411948,163.7387688912502,22:40:39
False,33,50.01185735442234,163.73886111670518,22:40:39
False,33,49.92123674548885,164.21034900376816,22:40:44
False,33,49.828174560055075,164.68175697485327,22:40:49
False,33,49.73331883410835,165.14983399376808,22:40:54
True,34,49.63611923201754,165.61734416038627,22:40:59
False,34,49.63609056297224,165.61748032114326,22:40:59
False,34,49.53693205994606,166.0825800093646,22:41:04
False,34,49.4356418841008,166.5461297312534,22:41:10
False,34,49.33233999352686,167.0076129496628,22:41:15
True,35,49.22709667672513,167.46677436669162,22:41:20
False,35,49.22706568738232,167.46690800026838,22:41:20
False,35,49.11981535942135,167.92408466301058,22:41:25
False,35,49.01046672112094,168.37969515316078,22:41:30
False,35,48.89920502048383,168.8330036806609,22:41:35
True,36,48.786012563926406,169.28413752388337,22:41:40
False,36,48.78599024731392,169.2842255060896,22:41:40
False,36,48.67079983485559,169.7334902282684,22:41:45
False,36,48.55414872844526,170.1788856349415,22:41:51
False,36,48.4352544809884,170.62345764502294,22:41:56
True,37,48.31443820859042,171.06600544671514,22:42:01
False,37,48.31441132999528,171.06610290458423,22:42:01
False,37,48.19183811619671,171.5060731487212,22:42:06
False,37,48.067338479795126,171.94412530609912,22:42:11
False,37,47.94100334858492,172.37997662743476,22:42:16
True,38,47.81293792549849,172.81331809087638,22:42:21
False,38,47.81290031206837,172.81344415083,22:42:21
False,38,47.68308184793234,173.24440856121896,22:42:27
False,38,47.55164173165751,173.67262641080896,22:42:32
False,38,47.418208816435296,174.0993456832166,22:42:37
True,39,47.28305191961335,174.52373364954005,22:42:42
False,39,47.28301185760306,174.52385830681305,22:42:42
False,39,47.146072836209996,174.94613851943777,22:42:47
False,39,47.00752290614686,175.36583492976803,22:42:52
False,39,46.86725095230944,175.7833357274704,22:42:57
True,40,46.7254562240676,176.19810304438133,22:43:02
False,40,46.72542841020306,176.1981837065016,22:43:02
False,40,46.58178234147641,176.61121992099427,22:43:08
False,40,46.43640434492668,177.02220795141085,22:43:13
False,40,46.28934827252425,177.4310313456837,22:43:18
True,41,46.140872718594494,177.8370263995096,22:43:23
False,41,46.14084352208561,177.83710558303054,22:43:23
False,41,45.990771882534304,178.24081187415095,22:43:28
False,41,45.83909982166578,178.64228553657733,22:43:33
False,41,45.68580762536256,179.04161825929796,22:43:38
True,42,45.530915597717026,179.43879476875372,22:43:44
False,42,45.53088530356139,179.4388718429225,22:43:44
False,42,45.374718566434495,179.83311359381216,22:43:49
False,42,45.21729275533755,-179.77554418386472,22:43:54
False,42,45.05794628468834,-179.38542314733186,22:43:59
True,43,44.89718260529367,-178.99773271727327,22:44:04
False,43,44.89713542192135,-178.99761978181485,22:44:04
False,43,44.734838258738705,-178.61203798601207,22:44:09
False,43,44.57107645922258,-178.22868785734238,22:44:14
False,43,44.40584350946191,-177.8475137366215,22:44:20
True,44,44.23927452350203,-177.46878221351707,22:44:25
False,44,44.239242020695336,-177.4687088405787,22:44:25
False,44,44.07144663726253,-177.09261511602665,22:44:30
False,44,43.90213162710215,-176.71845665529847,22:44:35
False,44,43.73140493737098,-176.34643820220717,22:44:40
True,45,43.55918078275743,-175.9763392216158,22:44:45
False,45,43.55913037046212,-175.9762316347913,22:44:45
False,45,43.385701245934825,-175.60864073283267,22:44:50
False,45,43.21086035075247,-175.2430744154095,22:44:55
False,45,43.03470668871553,-174.87970225082793,22:45:01
True,46,42.857327865103535,-174.51866117164732,22:45:06
False,46,42.857275896599525,-174.51855609378413,22:45:06
False,46,42.67846832368138,-174.15939549180598,22:45:11
False,46,42.49858715659875,-173.80278520715163,22:45:16
False,46,42.31740971266732,-173.44823791518297,22:45:21
True,47,42.135021082128915,-173.0958811138092,22:45:26
False,47,42.13496766125115,-173.09577856740572,22:45:26
False,47,41.95131144396398,-172.74546579564665,22:45:31
False,47,41.766524095874914,-172.39741566090413,22:45:37
False,47,41.58048878624599,-172.0513683494546,22:45:42
True,48,41.39318346950219,-171.70724916818412,22:45:47
False,48,41.39310897087934,-171.70711313925764,22:45:47
False,48,41.2048629807278,-171.3654858523445,22:45:52
False,48,41.015314691112096,-171.02565189301555,22:45:57
False,48,40.82464906724393,-170.687909336042,22:46:02
True,49,40.63295114890852,-170.35236772035088,22:46:07
False,49,40.632895062835885,-170.35227012989517,22:46:07
False,49,40.44023468753783,-170.01900823170845,22:46:13
False,49,40.24622555337108,-169.6873229634845,22:46:18
False,49,40.05127403563705,-169.3578758505876,22:46:23
True,50,39.85502000061805,-169.03002454938095,22:46:28
False,50,39.85498178669095,-169.02996107587575,22:46:28
False,50,39.65789549275596,-168.70445605194186,22:46:33
False,50,39.45976629605605,-168.3809065227216,22:46:38
False,50,39.26061859397602,-168.05931654289105,22:46:43
True,51,39.06038708310155,-167.73954694457694,22:46:49
False,51,39.06032843322813,-167.73945379655896,22:46:49
False,51,38.85929815087589,-167.42192226827015,22:46:54
False,51,38.65713885346606,-167.10606978772725,22:46:59
False,51,38.45408399653541,-166.79222823930323,22:47:04
True,52,38.249917852304606,-166.48003168809598,22:47:09
False,52,38.24987780928014,-166.47997078250935,22:47:09
False,52,38.04484866700385,-166.16976712060347,22:47:14
False,52,37.83888567259749,-165.8614126479051,22:47:19
False,52,37.63205016438004,-165.55496453058345,22:47:25
True,53,37.42425379756493,-165.25025870711318,22:47:30
False,53,37.42419305361595,-165.25017009086355,22:47:30
False,53,37.2155896134301,-164.94739918621408,22:47:35
False,53,37.0059505709365,-164.6461992705009,22:47:40
False,53,36.795502682730316,-164.34686565178805,22:47:45
True,54,36.5841272859101,-164.04919745982454,22:47:50
False,54,36.58406551850711,-164.0491109067613,22:47:50
False,54,36.371893617029436,-163.75326192787833,22:47:55
False,54,36.158854460575554,-163.45910060220632,22:48:00
False,54,35.94504957864461,-163.16673524250584,22:48:06
True,55,35.73032751155395,-162.87592857527585,22:48:11
False,55,35.730264563215115,-162.87584372902444,22:48:11
False,55,35.514840896300456,-162.58685785510212,22:48:16
False,55,35.29863243907477,-162.29954785828704,22:48:21
False,55,35.081521649111764,-162.013729540013,22:48:26
True,56,34.86428980226276,-161.73039198853746,22:48:31
False,56,34.864225971974435,-161.73030911658594,22:48:31
False,56,34.64565475701935,-161.44783328828706,22:48:36
False,56,34.42620930781138,-161.1668028703782,22:48:42
False,56,34.206100489689724,-160.88745973512926,22:48:47
True,57,33.98515822935082,-160.6095597539886,22:48:52
False,57,33.985070230689566,-160.60944956186148,22:48:52
False,57,33.76371289118292,-160.33348813999658,22:48:57
False,57,33.54124351783277,-160.0585688479659,22:49:02
False,57,33.318940891250016,-159.78623671525423,22:49:07
True,58,33.095316035034585,-159.51463641234153,22:49:12
False,58,33.095272473701314,-159.51458373214913,22:49:12
False,58,32.87161124282431,-159.2452501980969,22:49:18
False,58,32.646582397527965,-158.97655376362053,22:49:23
False,58,32.42136091193169,-158.70987429376478,22:49:28
True,59,32.194958987975305,-158.44401658247824,22:49:33
False,59,32.19487024538631,-158.44391280479277,22:49:33
False,59,31.968556335245758,-158.18033821266204,22:49:38
False,59,31.74147262707223,-157.9180125125273,22:49:43
False,59,31.513182417098044,-157.65641578021584,22:49:48
True,60,31.284209348042186,-157.39613163468826,22:49:53
False,60,31.284164544889933,-157.396080907468,22:49:53
False,60,31.054616130895518,-157.1372072017998,22:49:59
False,60,30.824382525421306,-156.87959537943505,22:50:04
False,60,30.593534182109174,-156.6233009796562,22:50:09
True,61,30.362232805176433,-156.36847769254018,22:50:14
False,61,30.362165297824756,-156.36840360474986,22:50:14
False,61,30.12998544153242,-156.1145612411031,22:50:19
False,61,29.897439883918018,-155.86223715523982,22:50:24
False,61,29.664157051044505,-155.61100411625483,22:50:29
True,62,29.43040051065149,-155.36112368719364,22:50:35
False,62,29.43033224540536,-155.36105098200335,22:50:35
False,62,29.196125658307167,-155.1125237024837,22:50:40
False,62,28.961329111091242,-154.86517710639163,22:50:45
False,62,28.725999355798063,-154.61904890118325,22:50:50
True,63,28.490062475923178,-154.3740402678189,22:50:55
False,63,28.48999367131137,-154.37396907061515,22:50:55
False,63,28.25376011196997,-154.13037916427984,22:51:00
False,63,28.016781639647384,-153.88772345182562,22:51:05
False,63,27.77945580568231,-153.6463881208121,22:51:11
True,64,27.54207174020814,-153.40663949040953,22:51:16
False,64,27.542002247397203,-153.40656954333068,22:51:16
False,64,27.30432011958166,-153.16813822202633,22:51:21
False,64,27.065287583818815,-152.92995395233564,22:51:26
False,64,26.82583883778515,-152.6929348670774,22:51:31
True,65,26.585837746643325,-152.45692573716303,22:51:36
False,65,26.585767737120978,-152.45685711661022,22:51:36
False,65,26.345519757983954,-152.22213701364146,22:51:41
False,65,26.104700191755487,-151.98836704482724,22:51:46
False,65,25.863451250961194,-151.75566610562376,22:51:52
True,66,25.621558827102245,-151.5238094492626,22:51:57
False,66,25.621464175568825,-151.52371900817482,22:51:57
False,66,25.379994169299582,-151.29370334730262,22:52:02
False,66,25.13744956446054,-151.06408078564516,22:52:07
False,66,24.89452675287317,-150.83549662735444,22:52:12
True,67,24.65104508823232,-150.60776262356762,22:52:17
False,67,24.650997758304566,-150.6077184870321,22:52:17
False,67,24.407112550211778,-150.380962382145,22:52:22
False,67,24.16281686953273,-150.15515871324794,22:52:28
False,67,23.918101645630994,-149.93028074999216,22:52:33
True,68,23.673415999151803,-149.70671966081295,22:52:38
False,68,23.67334400718759,-149.706654071549,22:52:38
False,68,23.428014353184572,-149.4837753368959,22:52:43
False,68,23.181880365209185,-149.26142016237347,22:52:48
False,68,22.935489856878508,-149.04006786558747,22:52:53
True,69,22.68891514767687,-148.81976342686744,22:52:58
False,69,22.688867158865953,-148.81972066747082,22:52:58
False,69,22.44258573798974,-148.60086730179114,22:53:04
False,69,22.195194180096983,-148.3822010108239,22:53:09
False,69,21.94747271402613,-148.16439942775258,22:53:14
True,70,21.699230465217713,-147.94727870894124,22:53:19
False,70,21.699157846884436,-147.94721535925513,22:53:19
False,70,21.4506785822434,-147.73100757690673,22:53:24
False,70,21.201873836323735,-147.51561788372047,22:53:29
False,70,20.952737959429598,-147.30102471289644,22:53:34
True,71,20.703364724387793,-147.0872918176919,22:53:39
False,71,20.703291906985314,-147.08722956090438,22:53:39
False,71,20.453643048363038,-146.87430730988436,22:53:45
False,71,20.20362512415647,-146.6620996128492,22:53:50
False,71,19.953849691069355,-146.4511065338862,22:53:55
True,72,19.703090000133493,-146.24027671746933,22:54:00
False,72,19.703016620203282,-146.2402151662149,22:54:00
False,72,19.451959191812463,-146.03011438773643,22:54:05
False,72,19.200574299268077,-145.82070203225123,22:54:10
False,72,18.949646960067955,-145.6126125454241,22:54:15
True,73,18.69833724437264,-145.40513048909358,22:54:21
False,73,18.69826376554649,-145.40506995827542,22:54:21
False,73,18.446107775205373,-145.1978010902645,22:54:26
False,73,18.193521816604928,-144.99107614962787,22:54:31
False,73,17.94068242770115,-144.7850253559599,22:54:36
True,74,17.687899521647775,-144.5798846581272,22:54:41
False,74,17.68782557467968,-144.57982477271233,22:54:41
False,74,17.435294414592665,-144.37573395729729,22:54:46
False,74,17.181689593623208,-144.17160854677837,22:54:51
False,74,16.927916023215694,-143.9681660232136,22:54:57
True,75,16.673782368897054,-143.7652387336864,22:55:02
False,75,16.67370822235867,-143.76517964298975,22:55:02
False,75,16.419586411340767,-143.5630498548825,22:55:07
False,75,16.165030629029918,-143.3613482822939,22:55:12
False,75,15.91013914927695,-143.16014006485258,22:55:17
True,76,15.65565113720359,-142.95999239915807,22:55:22
False,76,15.655601588005023,-142.95995350127757,22:55:22
False,76,15.400419424700946,-142.75998872422088,22:55:27
False,76,15.144904673079028,-142.5604787465988,22:55:32
False,76,14.889765042419466,-142.3619605305669,22:55:38
True,77,14.63397087686764,-142.16361877170945,22:55:43
False,77,14.633896198135197,-142.1635609649031,22:55:43
False,77,14.377909309814518,-141.9657422088309,22:55:48
False,77,14.121609235706448,-141.76834015803004,22:55:53
False,77,13.86509590567731,-141.57141895714713,22:55:58
True,78,13.60822618870154,-141.374856159525,22:56:03
False,78,13.608151374423725,-141.37479900057613,22:56:03
False,78,13.351291602710948,-141.17886183496097,22:56:08
False,78,13.0942364439673,-140.9833797553828,22:56:14
False,78,12.837118841111979,-140.78844052583503,22:56:19
True,79,12.579637376885175,-140.59380297087475,22:56:24
False,79,12.57956179588558,-140.59374592052797,22:56:24
False,79,12.322104353656377,-140.39969058979403,22:56:29
False,79,12.064347370950887,-140.20596049495853,22:56:34
False,79,11.806496659910229,-140.0126978738101,22:56:39
True,80,11.548217072715362,-139.8196395527291,22:56:44
False,80,11.548166670881901,-139.81960192893618,22:56:44
False,80,11.28993793874026,-139.62709426882088,22:56:50
False,80,11.031422268395046,-139.43487267817733,22:56:55
False,80,10.773499151137745,-139.24357703605105,22:57:00
True,81,10.514583198871225,-139.05201950064054,22:57:05
False,81,10.514532930039596,-139.05198235483437,22:57:05
False,81,10.256372344118677,-138.86144410513327,22:57:10
False,81,9.997217563438815,-138.67062149745868,22:57:15
False,81,9.738095924114662,-138.4802606758958,22:57:20
True,82,9.478871853722818,-138.29024950104437,22:57:25
False,82,9.47882137792264,-138.29021254285902,22:57:25
False,82,9.219547136148613,-138.10057716407547,22:57:31
False,82,8.960597600059025,-137.91157855791857,22:57:36
False,82,8.700885025687022,-137.7224114080168,22:57:41
True,83,8.441029191244503,-137.53351682038743,22:57:46
False,83,8.44097882347335,-137.53348024276198,22:57:46
False,83,8.181264604561548,-137.34505311059064,22:57:51
False,83,7.921278208230966,-137.15678123793143,22:57:56
False,83,7.6612232903120505,-136.96880069202098,22:58:01
True,84,7.40107947371977,-136.78108502278005,22:58:07
False,84,7.401003342921018,-136.7810301350155,22:58:07
False,84,7.141587917495537,-136.59415607743213,22:58:12
False,84,6.881856691672341,-136.40735877913116,22:58:17
False,84,6.621429045365532,-136.2203544974875,22:58:22
True,85,6.360974441892219,-136.0336134366326,22:58:27
False,85,6.360923870661402,-136.033577204694,22:58:27
False,85,6.100834784728626,-135.8473686145431,22:58:32
False,85,5.83999940157802,-135.6608854157439,22:58:37
False,85,5.5790640672396306,-135.47457938699554,22:58:42
True,86,5.318055051513375,-135.2884579882483,22:58:48
False,86,5.317978877101902,-135.28840370299434,22:58:48
False,86,5.0571351785003325,-135.10262582535975,22:58:53
False,86,4.796011411574668,-134.9168629045573,22:58:58
False,86,4.534957265827131,-134.73135258766638,22:59:03
True,87,4.273831049068533,-134.54598285253402,22:59:08
False,87,4.273780370344666,-134.5459468943258,22:59:08
False,87,4.012697093778676,-134.36078816705705,22:59:13
False,87,3.7513393270708417,-134.17560427228295,22:59:18
False,87,3.4898209353626384,-133.9904650738467,22:59:24
True,88,3.2283828845657836,-133.80553003289353,22:59:29
False,88,3.228332117953377,-133.8054941353787,22:59:29
False,88,2.9671732827745605,-133.62089251157926,22:59:34
False,88,2.7056503293602456,-133.43615847554145,22:59:39
False,88,2.4442752573792026,-133.25164275790812,22:59:44
True,89,2.182608479741523,-133.06702404627188,22:59:49
False,89,2.1825575853418346,-133.06698814708383,22:59:49
False,89,1.92114468107522,-132.88264036754737,22:59:54
False,89,1.6595590255351766,-132.69825157270662,23:00:00
False,89,1.3980772754168167,-132.51400580163605,23:00:05
True,90,1.136388914288379,-132.3296732966709,23:00:10
False,90,1.136312651929471,-132.32961958520457,23:00:10
False,90,0.8747413523094039,-132.14541739883907,23:00:15
False,90,0.613052988899386,-131.96116966144547,23:00:20
False,90,0.3514190354315784,-131.7769861475683,23:00:25
True,91,0.08986077789653207,-131.5928708665056,23:00:30
False,91,0.08978420392283863,-131.59281696591054,23:00:30
False,91,-0.17185237039474444,-131.40865055025145,23:00:36
False,91,-0.43345036499856343,-131.2245043289657,23:00:41
False,91,-0.6952267084284222,-131.04021462627526,23:00:46
True,92,-0.9567659719337579,-130.85606294857922,23:00:51
False,92,-0.956868396209083,-130.85599082382603,23:00:51
False,92,-1.2184260422420434,-130.67178635352047,23:00:56
False,92,-1.4792940592309898,-130.48801696354988,23:01:01
False,92,-1.740948466918241,-130.30363187138386,23:01:06
True,93,-2.002401218907168,-130.11931615080135,23:01:12
False,93,-2.0024782138364503,-130.119261860082,23:01:12
False,93,-2.263939290128014,-129.93485652820308,23:01:17
False,93,-2.525422457615334,-129.75034085519857,23:01:22
False,93,-2.786809810367431,-129.5657870352774,23:01:27
True,94,-3.048259678159533,-129.3810722242125,23:01:32
False,94,-3.048335917518532,-129.38101834284288,23:01:32
False,94,-3.3090081408495378,-129.19672550993744,23:01:37
False,94,-3.570180605868117,-129.01194035082128,23:01:42
False,94,-3.8315607344236704,-128.82685815861723,23:01:47
True,95,-4.092678021360756,-128.64180096323062,23:01:53
False,95,-4.0927541502845335,-128.64174698510854,23:01:53
False,95,-4.353788622179585,-128.4565762587215,23:01:58
False,95,-4.6148800414910065,-128.27118168131412,23:02:03
False,95,-4.87576904773337,-128.08573628925603,23:02:08
True,96,-5.13678653182467,-127.89999362492438,23:02:13
False,96,-5.136862787579156,-127.89993932935491,23:02:13
False,96,-5.397010473664696,-127.71459926603872,23:02:18
False,96,-5.657673273954119,-127.52866425022637,23:02:23
False,96,-5.917600860944134,-127.34301505516572,23:02:29
True,97,-6.1783566100103124,-127.15652343317724,23:02:34
False,97,-6.178407469587716,-127.15648703331371,23:02:34
False,97,-6.438903173421938,-126.96991882708922,23:02:39
False,97,-6.699414735174418,-126.78306521375255,23:02:44
False,97,-6.959778871204683,-126.59603182215217,23:02:49
True,98,-7.22008275452148,-126.40874461358202,23:02:54
False,98,-7.220184883303955,-126.40867107264181,23:02:54
False,98,-7.4801023830414675,-126.22135353702318,23:02:59
False,98,-7.740208366608835,-126.03357996795056,23:03:05
False,98,-7.999481107088074,-125.8460772548179,23:03:10
True,99,-8.259322947297031,-125.65781974390067,23:03:15
False,99,-8.259398872088818,-125.65776468438517,23:03:15
False,99,-8.518283033893404,-125.46984718169101,23:03:20
False,99,-8.777888101924122,-125.28103968446108,23:03:25
False,99,-9.037445284413987,-125.09188764408476,23:03:30
True,100,-9.296849115053023,-124.90245600822782,23:03:35
False,100,-9.296924592111425,-124.90240083238922,23:03:35
False,100,-9.555926438769948,-124.71285988890486,23:03:40
False,100,-9.81497941243004,-124.52286647043339,23:03:46
False,100,-10.073984623266197,-124.33248048434483,23:03:51
True,101,-10.332828255156285,-124.14177339943988,23:03:56
False,101,-10.332904174055386,-124.14171739924811,23:03:56
False,101,-10.59122745728555,-123.95094237059975,23:04:01
False,101,-10.84959370690335,-123.75967188481086,23:04:06
False,101,-11.108036454120283,-123.56786779059587,23:04:11
True,102,-11.365646049294096,-123.3761942163328,23:04:16
False,102,-11.365696423562701,-123.37615668704008,23:04:16
False,102,-11.623512231280039,-123.18382879501424,23:04:22
False,102,-11.880684674887979,-122.9914684747449,23:04:27
False,102,-12.138466697233582,-122.79812521772743,23:04:32
True,103,-12.395815461883121,-122.6045670864395,23:04:37
False,103,-12.39586575298639,-122.60452920770322,23:04:37
False,103,-12.653045853259488,-122.41054530101563,23:04:42
False,103,-12.909498608823217,-122.21654626086591,23:04:47
False,103,-13.166269908778972,-122.02172834903769,23:04:52
True,104,-13.423023076855849,-121.82633192984119,23:04:58
False,104,-13.423073022098624,-121.82629386156461,23:04:58
False,104,-13.67882778953786,-121.63105420370613,23:05:03
False,104,-13.935107650116276,-121.43479576637586,23:05:08
False,104,-14.191233015510049,-121.23802315110609,23:05:13
True,105,-14.44719827956487,-121.04072717616819,23:05:18
False,105,-14.44724796674608,-121.04068881400316,23:05:18
False,105,-14.70299830357885,-120.84289822057448,23:05:23
False,105,-14.958567826376946,-120.64457331605195,23:05:28
False,105,-15.213129404164153,-120.44634561569225,23:05:33
True,106,-15.468132701540963,-120.24707330551014,23:05:39
False,106,-15.468207123898756,-120.24701504430551,23:05:39
False,106,-15.722787349988087,-120.0473582220159,23:05:44
False,106,-15.97669281535773,-119.84750357298942,23:05:49
False,106,-16.230997735259038,-119.64659099051435,23:05:54
True,107,-16.485235076800862,-119.44497202217796,23:05:59
False,107,-16.48530917141405,-119.44491315029704,23:05:59
False,107,-16.739187210023502,-119.24280465990749,23:06:04
False,107,-16.99273300587155,-119.04017214481914,23:06:09
False,107,-17.246258140388935,-118.83675167625873,23:06:15
True,108,-17.499229746544735,-118.63295680633694,23:06:20
False,108,-17.49927902527757,-118.63291702645536,23:06:20
False,108,-17.751294906419577,-118.42906207494701,23:06:25
False,108,-18.003813202926917,-118.22395285881417,23:06:30
False,108,-18.256016167065294,-118.01823532351915,23:06:35
True,109,-18.508053832815737,-117.81177198026971,23:06:40
False,109,-18.508127404649418,-117.81171158169185,23:06:40
False,109,-18.759610231741842,-117.60480726792825,23:06:45
False,109,-19.011074734996,-117.39700587080888,23:06:50
False,109,-19.26209757260478,-117.18864148277216,23:06:56
True,110,-19.513052643226874,-116.97938805847862,23:07:01
False,110,-19.513125821705234,-116.97932690053216,23:07:01
False,110,-19.763563826836172,-116.76954336101969,23:07:06
False,110,-20.01364950586978,-116.55907801710917,23:07:11
False,110,-20.263486753153146,-116.3478277260608,23:07:16
True,111,-20.511795694652974,-116.13686595107818,23:07:21
False,111,-20.51184423544232,-116.1368246120221,23:07:21
False,111,-20.760935761840177,-115.92417269204098,23:07:26
False,111,-21.00987161194603,-115.71060795666104,23:07:32
False,111,-21.25859861205243,-115.49615798199446,23:07:37
True,112,-21.505366125071774,-115.28232563978558,23:07:42
False,112,-21.505438737780302,-115.28226255929965,23:07:42
False,112,-21.753398146266864,-115.06630094301069,23:07:47
False,112,-22.000969953870865,-114.84955954714196,23:07:52
False,112,-22.248249101090785,-114.63193834185846,23:07:57
True,113,-22.494286477804895,-114.4142614703389,23:08:02
False,113,-22.49435843221081,-114.4141976403477,23:08:02
False,113,-22.740835952633187,-114.1949602544753,23:08:07
False,113,-22.98685033026579,-113.97494389645594,23:08:13
False,113,-23.23255466584247,-113.75399447596499,23:08:18
True,114,-23.47785165455531,-113.53218167281888,23:08:23
False,114,-23.47792330869338,-113.53211669689885,23:08:23
False,114,-23.72267251668609,-113.30955086749684,23:08:28
False,114,-23.967240936228823,-113.08588039450056,23:08:33
False,114,-24.211449901406585,-112.86124867541876,23:08:38
True,115,-24.45525356367368,-112.6356793499309,23:08:43
False,115,-24.455324935676252,-112.63561312177825,23:08:43
False,115,-24.697887963983376,-112.40986708155778,23:08:49
False,115,-24.940734124919643,-112.1825091618985,23:08:54
False,115,-25.183246660539595,-111.95409149247193,23:08:59
True,116,-25.425186666779215,-111.72482064908007,23:09:04
False,116,-25.425257678838516,-111.72475314880245,23:09:04
False,116,-25.66673355689567,-111.49450840017046,23:09:09
False,116,-25.90793952727839,-111.263084429422,23:09:14
False,116,-26.148594661483866,-111.0307306852304,23:09:19
True,117,-26.38889966589082,-110.79723368861212,23:09:25
False,117,-26.388969678480798,-110.79716544108415,23:09:25
False,117,-26.62886893368448,-110.5625574222395,23:09:30
False,117,-26.868083011204327,-110.3270935496148,23:09:35
False,117,-27.106863608283113,-110.09050751175731,23:09:40
True,118,-27.34527911185982,-109.85270955047974,23:09:45
False,118,-27.345348564528866,-109.85264004566837,23:09:45
False,118,-27.583096107763446,-109.61391175266515,23:09:50
False,118,-27.819640027440716,-109.37477970405965,23:09:55
False,118,-28.05649559830353,-109.13368996551293,23:10:01
True,119,-28.292769512045343,-108.89152284982076,23:10:06
False,119,-28.292838556843066,-108.89145183604806,23:10:06
False,119,-28.528630661344117,-108.64808340653747,23:10:11
False,119,-28.76401231716565,-108.40341716379432,23:10:16
False,119,-28.998714684725577,-108.15771099176,23:10:21
True,120,-29.232888950000028,-107.9107859946578,23:10:26
False,120,-29.23293437934182,-107.91073791776854,23:10:26
False,120,-29.466568990747298,-107.66258335135137,23:10:31
False,120,-29.699584877944137,-107.41326162858833,23:10:36
False,120,-29.932162968798806,-107.1625556229284,23:10:42
True,121,-30.16342413915474,-106.91139752698795,23:10:47
False,121,-30.163491623280816,-106.91132396077737,23:10:47
False,121,-30.394646089824004,-106.6583790623876,23:10:52
False,121,-30.62553247333736,-106.40379126040685,23:10:57
False,121,-30.85562003785425,-106.14812061008938,23:11:02
True,122,-31.085159071703107,-105.89106693884531,23:11:07
False,122,-31.08525044099076,-105.890964215645,23:11:07
False,122,-31.31411521947181,-105.63264342380303,23:11:12
False,122,-31.541801683370387,-105.37360920091197,23:11:18
False,122,-31.769490903937484,-105.11249226663462,23:11:23
True,123,-31.996644731694115,-104.84987478346318,23:11:28
False,123,-31.996710871667428,-104.84979800584541,23:11:28
False,123,-32.22293601003881,-104.58611140815349,23:11:33
False,123,-32.448776828046384,-104.32069651566454,23:11:38
False,123,-32.67379157657114,-104.0540452343689,23:11:43
True,124,-32.89836579474959,-103.78567364278315,23:11:48
False,124,-32.89840961704496,-103.78562105244929,23:11:48
False,124,-33.12211613727803,-103.516012244016,23:11:54
False,124,-33.34512136212226,-103.24494261616054,23:11:59
False,124,-33.56745007363887,-102.9723550874208,23:12:04
True,125,-33.78906726657819,-102.69826521021967,23:12:09
False,125,-33.789110281174445,-102.69821177760258,23:12:09
False,125,-34.00999463549137,-102.42261840917476,23:12:14
False,125,-34.23012554653371,-102.1455208017055,23:12:19
False,125,-34.449611526175794,-101.86675336225595,23:12:24
True,126,-34.667650633447685,-101.58731700363549,23:12:29
False,126,-34.66771422887961,-101.58723513078485,23:12:29
False,126,-34.885355078539426,-101.30576286988041,23:12:35
False,126,-35.10244559088721,-101.0224134319397,23:12:40
False,126,-35.318795667801815,-100.73740144841884,23:12:45
True,127,-35.53443150950485,-100.45066110912096,23:12:50
False,127,-35.53449415470237,-100.45057741416932,23:12:50
False,127,-35.749136381341444,-100.16245219069259,23:12:55
False,127,-35.96310021086674,-99.87249115388423,23:13:00
False,127,-36.176306957474225,-99.58076709534704,23:13:05
True,128,-36.388574666704635,-99.2874994957638,23:13:11
False,128,-36.38863647944198,-99.287413678474,23:13:11
False,128,-36.599956233537426,-98.99258770458312,23:13:16
False,128,-36.81054087963319,-98.69587609331212,23:13:21
False,128,-37.02035317946513,-98.39729572086529,23:13:26
True,129,-37.22868576514109,-98.09783279203663,23:13:31
False,129,-37.228746488832726,-98.0977450653253,23:13:31
False,129,-37.43664997666464,-97.7958599970242,23:13:36
False,129,-37.64371956787577,-97.49209798275584,23:13:41
False,129,-37.84917293337059,-97.18758901322343,23:13:47
True,130,-38.05441541946671,-96.88021757328703,23:13:52
False,130,-38.05447978729332,-96.88012067023124,23:13:52
False,130,-38.25873372746193,-96.57100228738473,23:13:57
False,130,-38.46205697569988,-96.26001814655899,23:14:02
False,130,-38.66451437435337,-95.94703293396964,23:14:07
True,131,-38.86596178082252,-95.63223435587393,23:14:12
False,131,-38.86602060463301,-95.63214193313794,23:14:12
False,131,-39.06649631303238,-95.3154357214902,23:14:17
False,131,-39.26603261812417,-94.99673568390264,23:14:23
False,131,-39.46460370541539,-94.67604568523787,23:14:28
True,132,-39.662068084003025,-94.35356034609137,23:14:33
False,132,-39.662125998220326,-94.35346523156974,23:14:33
False,132,-39.85853750621418,-94.02906311328678,23:14:38
False,132,-40.053823456164615,-93.70283254729436,23:14:43
False,132,-40.248037126373276,-93.37465136511524,23:14:48
True,133,-40.44136040699152,-93.04417113619638,23:14:53
False,133,-40.441398062760975,-93.04410638864547,23:14:53
False,133,-40.633427185114314,-92.71198098511708,23:14:58
False,133,-40.824616411604595,-92.37738713339482,23:15:04
False,133,-41.01459317314519,-92.04093486714486,23:15:09
True,134,-41.20341125246316,-91.70249574355579,23:15:14
False,134,-41.20346621488478,-91.70239663153792,23:15:14
False,134,-41.391063723260025,-91.36204645644048,23:15:19
False,134,-41.57760243193981,-91.01945458505695,23:15:24
False,134,-41.762950803169396,-90.67482202405984,23:15:29
True,135,-41.94726263089451,-90.32782004579958,23:15:34
False,135,-41.94731616131745,-90.32771863041647,23:15:34
False,135,-42.130378257477375,-89.97870525870732,23:15:40
False,135,-42.311798340151036,-89.62840828374357,23:15:45
False,135,-42.49192481785478,-89.2761345338691,23:15:50
True,136,-42.67146687320928,-88.92043568397943,23:15:55
False,136,-42.671519014313404,-88.92033170937019,23:15:55
False,136,-42.84957099676852,-88.5629448266987,23:16:00
False,136,-43.02636804810398,-88.2033678599301,23:16:05
False,136,-43.20197641584024,-87.8414213033349,23:16:10
True,137,-43.37617907313405,-87.47751236810599,23:16:16
False,137,-43.376229719467375,-87.47740584968437,23:16:16
False,137,-43.5486927857267,-87.11221254312834,23:16:21
False,137,-43.720375227598126,-86.74365947409551,23:16:26
False,137,-43.89079594201331,-86.3727103025511,23:16:31
True,138,-44.059802250173185,-85.99965427673253,23:16:36
False,138,-44.05986802991362,-85.99950805070867,23:16:36
False,138,-44.22730234138131,-85.62466072412298,23:16:41
False,138,-44.39308726822738,-85.24817733606518,23:16:46
False,138,-44.55784904687521,-84.86858769297375,23:16:51
True,139,-44.7211729220955,-84.48678676306683,23:16:57
False,139,-44.72122039770749,-84.48667496190437,23:16:57
False,139,-44.88310419702517,-84.10262435388026,23:17:02
False,139,-45.04348518460102,-83.71643435750039,23:17:07
False,139,-45.20236717089453,-83.32805703185406,23:17:12
True,140,-45.35989213192079,-82.93709655969747,23:17:17
False,140,-45.35993783324137,-82.93698226084977,23:17:17
False,140,-45.51586400517538,-82.54399169205428,23:17:22
False,140,-45.67037407816036,-82.1484682661518,23:17:27
False,140,-45.82305240369829,-81.75144417499814,23:17:33
True,141,-45.974463914187155,-81.35140729983407,23:17:38
False,141,-45.9745078879715,-81.3512901833899,23:17:38
False,141,-46.12427914445961,-80.94916808328442,23:17:43
False,141,-46.272495738609145,-80.54469139214532,23:17:48
False,141,-46.419064215395096,-80.13807213507638,23:17:53
True,142,-46.56411602206508,-79.72889751477264,23:17:58
False,142,-46.56415813013384,-79.72877772951917,23:17:58
False,142,-46.70754921163081,-79.3174022648045,23:18:03
False,142,-46.84887723943794,-78.90497014498595,23:18:09
False,142,-46.98894284286293,-78.48910117471259,23:18:14
True,143,-47.12735910837115,-78.0708658973379,23:18:19
False,143,-47.12739935460983,-78.07074321001528,23:18:19
False,143,-47.2637412216173,-77.65140654235503,23:18:24
False,143,-47.39886859805251,-77.22827036165671,23:18:29
False,143,-47.53212928768361,-76.80330089070037,23:18:34
True,144,-47.66366146637361,-76.37602168485509,23:18:39
False,144,-47.663699840440174,-76.37589585869317,23:18:39
False,144,-47.79345432496792,-75.94641794584614,23:18:44
False,144,-47.92144407887569,-75.51465452385544,23:18:50
False,144,-48.0477173226095,-75.08038730573183,23:18:55
True,145,-48.1721540234485,-74.64397683864945,23:19:00
False,145,-48.172190308779534,-74.64384831736659,23:19:00
False,145,-48.294687971804386,-74.20561870771881,23:19:05
False,145,-48.41542343454758,-73.76489601064922,23:19:10
False,145,-48.5342618013622,-73.32212078702692,23:19:15
True,146,-48.65127809334436,-72.87696419043712,23:19:20
False,146,-48.65131189356162,-72.87683424478796,23:19:20
False,146,-48.76629835430344,-72.430046781263,23:19:26
False,146,-48.87946505005429,-71.98077368680875,23:19:31
False,146,-48.99066784293659,-71.5295338586839,23:19:36
True,147,-49.099992753791646,-71.07592760235305,23:19:41
False,147,-49.10002432691738,-71.0757951140926,23:19:41
False,147,-49.20732978326891,-70.62035948137766,23:19:46
False,147,-49.31273110136066,-70.16255942479368,23:19:51
False,147,-49.41612069244368,-69.70280779749362,23:19:56
True,148,-49.517471609659,-69.24118588250901,23:20:02
False,148,-49.517500877976694,-69.24105094313869,23:20:02
False,148,-49.616737374691425,-68.77787478967518,23:20:07
False,148,-49.714087221805556,-68.31202799255482,23:20:12
False,148,-49.8092768099109,-67.84476630139324,23:20:17
True,149,-49.902485928533636,-67.37516433738996,23:20:22
False,149,-49.90251280008317,-67.37502715114762,23:20:22
False,149,-49.993591394329876,-66.90378341315207,23:20:27
False,149,-50.082572353655465,-66.43069514022828,23:20:32
False,149,-50.169435290042976,-65.95582650419742,23:20:38
True,150,-50.254202136401595,-65.47900637400838,23:20:43
False,150,-50.25422649402576,-65.47886735475431,23:20:43
False,150,-50.33672249700858,-65.00105470669658,23:20:48
False,150,-50.41716809848391,-64.52093909346641,23:20:53
False,150,-50.4954501462906,-64.0391229002918,23:20:58
True,151,-50.57154303552642,-63.55572046572449,23:21:03
False,151,-50.57156497234831,-63.555578835014614,23:21:03
False,151,-50.64545394940243,-63.07064068779676,23:21:08
False,151,-50.717162228266375,-62.58396984167489,23:21:13
False,151,-50.78663141786608,-62.09591715269759,23:21:19
True,152,-50.8539156342325,-61.60604861884117,23:21:24
False,152,-50.85393501454101,-61.60590491530742,23:21:24
False,152,-50.9187550664544,-61.11627758383196,23:21:29
False,152,-50.981370977874754,-60.62496763198046,23:21:34
False,152,-51.04183871184966,-60.13142504565769,23:21:39
True,153,-51.100058972400376,-59.63635103841861,23:21:44
False,153,-51.10007575814642,-59.63620525888823,23:21:44
False,153,-51.156051991160275,-59.13948410191523,23:21:49
False,153,-51.209676365219316,-58.64204440858164,23:21:55
False,153,-51.260897542693954,-58.14442127721211,23:22:00
True,154,-51.30993609463331,-57.644410378260275,23:22:05
False,154,-51.309950059201284,-57.644264378902776,23:22:05
False,154,-51.35665590991816,-57.14325926221765,23:22:10
False,154,-51.400938992058244,-56.642280535436505,23:22:15
False,154,-51.44299187563344,-56.13909388335369,23:22:20
True,155,-51.48273115902101,-55.63450909882685,23:22:25
False,155,-51.48273864661363,-55.6344110305596,23:22:25
False,155,-51.520054222824285,-55.12981562196229,23:22:31
False,155,-51.55502125918074,-54.62422681326145,23:22:36
False,155,-51.587645329404026,-54.117464446824414,23:22:41
True,156,-51.6178696679584,-53.610368407269625,23:22:46
False,156,-51.61787535372826,-53.61026903914499,23:22:46
False,156,-51.64570594002804,-53.1027688755484,23:22:51
False,156,-51.671112217339086,-52.595539473516745,23:22:56
False,156,-51.694182932054815,-52.086752884773055,23:23:01
True,157,-51.7148810771535,-51.57694838864153,23:23:06
False,157,-51.71488675895023,-51.57679976095787,23:23:06
False,157,-51.73317150814972,-51.06689812422843,23:23:12
False,157,-51.74906924382065,-50.556118348596605,23:23:17
False,157,-51.76255464943639,-50.04516175613353,23:23:22
True,158,-51.77363149662899,-49.53387916991441,23:23:27
False,158,-51.773634375097195,-49.5337300379276,23:23:27
False,158,-51.78229561047931,-49.02243171820978,23:23:32
False,158,-51.788547212964325,-48.51078194103896,23:23:37
False,158,-51.792383643540354,-47.99919749886402,23:23:42
True,159,-51.79380506009873,-47.49160587051158,23:23:48
False,159,-51.79380510613464,-47.49150579033412,23:23:48
False,159,-51.79283457609206,-46.980113104265854,23:23:53
False,159,-51.789463155118554,-46.46988397704605,23:23:58
False,159,-51.783673180136745,-45.95838623826624,23:24:03
True,160,-51.77546710868917,-45.44680843345817,23:24:08
False,160,-51.7754643601363,-45.44665908290117,23:24:08
False,160,-51.76485676212,-44.93580027305294,23:24:13
False,160,-51.75183926954993,-44.42506481885874,23:24:18
False,160,-51.73640630819128,-43.914328524714556,23:24:24
True,161,-51.71857056675326,-43.40403579615196,23:24:29
False,161,-51.718566873929184,-43.40393685036516,23:24:29
False,161,-51.69835652570516,-42.894725410166785,23:24:34
False,161,-51.67572442236528,-42.38535769364009,23:24:39
False,161,-51.6506970148674,-41.876499910082615,23:24:44
True,162,-51.623296790353834,-41.36853341338285,23:24:49
False,162,-51.62328844771292,-41.36838529137385,23:24:49
False,162,-51.59352752709987,-40.86142368912169,23:24:54
False,162,-51.56135438394854,-40.354568292214914,23:24:59
False,162,-51.5269288685539,-39.85017348256771,23:25:05
True,163,-51.49003347231613,-39.34500080294978,23:25:10
False,163,-51.49002237347362,-39.34485367316387,23:25:10
False,163,-51.45080117774924,-38.84096073050474,23:25:15
False,163,-51.40919936986132,-38.337591659011316,23:25:20
False,163,-51.365265195550464,-37.83531291829512,23:25:25
True,164,-51.31896453567506,-37.33371140716898,23:25:30
False,164,-51.318945923021595,-37.33351492691521,23:25:30
False,164,-51.270356770545604,-36.83339845552416,23:25:35
False,164,-51.219437196660394,-36.334262876034366,23:25:41
False,164,-51.166156219386565,-35.83580699614063,23:25:46
True,165,-51.110612492906746,-35.33892032980018,23:25:51
False,165,-51.110590312372146,-35.33872616432605,23:25:51
False,165,-51.052778211047034,-34.843288498029565,23:25:56
False,165,-50.992686952238756,-34.34914513030505,23:26:01
False,165,-50.93027763793232,-33.855957712219166,23:26:06
True,166,-50.865639347388864,-33.3643963406765,23:26:11
False,166,-50.865613628852955,-33.364204382086186,23:26:11
False,166,-50.7987832597746,-32.8744776773059,23:26:17
False,166,-50.72967213032905,-32.385882214683214,23:26:22
False,166,-50.65854533867475,-31.900192901996625,23:26:27
True,167,-50.585009887765075,-31.414681533074745,23:26:32
False,167,-50.58498798585177,-31.41453929354445,23:26:32
False,167,-50.509280222740436,-30.930787151615156,23:26:37
False,167,-50.4313789262657,-30.448604813799587,23:26:42
False,167,-50.35137399007497,-29.96848838616391,23:26:47
True,168,-50.269172458149114,-29.489828475006178,23:26:53
False,168,-50.26915616334959,-29.48973498269022,23:26:53
False,168,-50.18481574785783,-29.012835598309756,23:26:58
False,168,-50.098306918831966,-28.537490575928793,23:27:03
False,168,-50.00966838395816,-28.063879694662027,23:27:08
True,169,-49.91893504274527,-27.59214539249655,23:27:13
False,169,-49.91890801780289,-27.592006762006353,23:27:13
False,169,-49.82632472044814,-27.123330331095875,23:27:18
False,169,-49.73139691665402,-26.655166547520217,23:27:23
False,169,-49.63473221441707,-26.190460146503487,23:27:28
True,170,-49.535746672204816,-25.72635113692751,23:27:34
False,170,-49.535727209241635,-25.726261001014315,23:27:34
False,170,-49.43472672456761,-25.264187829944802,23:27:39
False,170,-49.331989390063036,-24.80532807678361,23:27:44
False,170,-49.22697370100864,-24.347219183560963,23:27:49
True,171,-49.12025180586524,-23.892314623967202,23:27:54
False,171,-49.120230747225996,-23.89222587862427,23:27:54
False,171,-49.01127818887098,-23.438245416509766,23:27:59
False,171,-48.9002688728473,-22.98591867382889,23:28:04
False,171,-48.78745282246587,-22.536215418647963,23:28:10
True,172,-48.67262864902483,-22.088281409335043,23:28:15
False,172,-48.6726061704257,-22.088194649891648,23:28:15
False,172,-48.5559325113538,-21.642609099255555,23:28:20
False,172,-48.43735178473518,-21.199100066251475,23:28:25
False,172,-48.31694526824921,-20.757922839046977,23:28:30
True,173,-48.194577649494036,-20.318542456925144,23:28:35
False,173,-48.19454170324798,-20.318414672305213,23:28:35
False,173,-48.070471666010064,-19.88171360146026,23:28:40
False,173,-47.94442618564394,-19.44668398594933,23:28:46
False,173,-47.81664084958417,-19.014101992793627,23:28:51
True,174,-47.687372144194065,-18.584754411675306,23:28:56
False,174,-47.687333940333325,-18.584628712480576,23:28:56
False,174,-47.556062528427724,-18.156740708514636,23:29:01
False,174,-47.4230099043831,-17.73101032411515,23:29:06
False,174,-47.28818986661552,-17.307441025682774,23:29:11
True,175,-47.151676821444305,-16.886221071619897,23:29:16
False,175,-47.151636741593656,-16.88609850299463,23:29:16
False,175,-47.01348298208767,-16.4673383216741,23:29:21
False,175,-46.873501595806566,-16.050429775487434,23:29:27
False,175,-46.73225980194146,-15.636996369108255,23:29:32
True,176,-46.588990163026224,-15.224743837243459,23:29:37
False,176,-46.588948161709645,-15.224624002704525,23:29:37
False,176,-46.44407543165591,-14.814756785469424,23:29:42
False,176,-46.29755357894303,-14.407096975557403,23:29:47
False,176,-46.14934451779118,-14.001501179367915,23:29:52
True,177,-45.99961393071345,-13.598378916053788,23:29:57
False,177,-45.99957002780603,-13.598261668929135,23:29:57
False,177,-45.84830862104997,-13.19753792978992,23:30:03
False,177,-45.69545233713136,-12.798996449503843,23:30:08
False,177,-45.54107272157799,-12.402780899374193,23:30:13
True,178,-45.385110901762424,-12.008698548636835,23:30:18
False,178,-45.38506504989554,-12.00858358410786,23:30:18
False,178,-45.22780813868274,-11.617308847145784,23:30:23
False,178,-45.06886770037686,-11.227828596111875,23:30:28
False,178,-44.908543934895086,-10.840840728319113,23:30:33
True,179,-44.746605869976605,-10.455747725095131,23:30:39
False,179,-44.7465583236001,-10.455635493783024,23:30:39
False,179,-44.58322061437713,-10.072912152685552,23:30:44
False,179,-44.41858502945782,-9.692743326473495,23:30:49
False,179,-44.25262973505954,-9.315024892392502,23:30:54
True,180,-44.08517897176462,-8.939314930375666,23:30:59
False,180,-44.085146337841934,-8.939242227880237,23:30:59
False,180,-43.91665859149792,-8.566517055867966,23:31:04
False,180,-43.74693851129849,-8.19627996620327,23:31:09
False,180,-43.57523715109759,-7.826878678466781,23:31:14
True,181,-43.402315520397224,-7.459932329635745,23:31:20
False,181,-43.40228180745337,-7.459861276261838,23:31:20
False,181,-43.22809795544342,-7.09523303952106,23:31:25
False,181,-43.053018004294664,-6.733627952977797,23:31:30
False,181,-42.876072657089644,-6.373010469748466,23:31:35
True,182,-42.697896978399065,-6.014656173634898,23:31:40
False,182,-42.69786209163977,-6.014586467412864,23:31:40
False,182,-42.518603967006506,-5.658744634581065,23:31:45
False,182,-42.338428035823846,-5.305681920969578,23:31:50
False,182,-42.15702170682206,-4.954734217799768,23:31:56
True,183,-41.97402585237113,-4.605181634157028,23:32:01
False,183,-41.97397210303775,-4.605079611013791,23:32:01
False,183,-41.789803732726845,-4.257693618693254,23:32:06
False,183,-41.60447577260617,-3.912456511931728,23:32:11
False,183,-41.417968373288694,-3.5692920912902206,23:32:16
True,184,-41.23021126835214,-3.228036118772927,23:32:21
False,184,-41.230155964557596,-3.227936212547573,23:32:21
False,184,-41.04137881876763,-2.888968224755463,23:32:26
False,184,-40.85135525678105,-2.551842466579789,23:32:32
False,184,-40.660193332917245,-2.2167175388582354,23:32:37
True,185,-40.46802154433705,-1.8837792512236597,23:32:42
False,185,-40.46800274777378,-1.8837468767480274,23:32:42
False,185,-40.274653226453275,-1.5526676583891355,23:32:47
False,185,-40.08023523538273,-1.2235999753220876,23:32:52
False,185,-39.8847226022767,-0.8964638162131315,23:32:57
True,186,-39.688308214298885,-0.5715425144034805,23:33:02
False,186,-39.688250695972975,-0.5714479012442509,23:33:02
False,186,-39.49079487106713,-0.2484716599159832,23:33:07
False,186,-39.29275008508467,0.07186756665576316,23:33:13
False,186,-39.09314651138981,0.391170467017761,23:33:18
True,187,-38.892903451967406,0.7079960403944145,23:33:23
False,187,-38.892864358913414,0.7080575569543683,23:33:23
False,187,-38.691277737520544,1.0235537160182413,23:33:28
False,187,-38.488714644709376,1.3371716541154484,23:33:33
False,187,-38.28528564721766,1.648776516159949,23:33:38
True,188,-38.08080976393091,1.958679199645731,23:33:43
False,188,-38.08074954305205,1.9587699897241637,23:33:43
False,188,-37.875353393112434,2.2668091270115474,23:33:49
False,188,-37.66904662042207,2.573005111885366,23:33:54
False,188,-37.46172487871743,2.877543683003537,23:33:59
True,189,-37.254146166929694,3.1793561056936013,23:34:04
False,189,-37.254105289442144,3.1794152390732195,23:34:04
False,189,-37.04508124469008,3.4802629176983992,23:34:09
False,189,-36.83501635511192,3.7795804878631576,23:34:14
False,189,-36.624800797856025,4.0761429716795945,23:34:19
True,190,-36.413140322018926,4.37181025656274,23:34:25
False,190,-36.413099134482735,4.371867509046414,23:34:25
False,190,-36.2006175180975,4.6657870004149204,23:34:30
False,190,-35.98725833428848,4.958067758381878,23:34:35
False,190,-35.773804527915395,5.247681178030195,23:34:40
True,191,-35.55885101580606,5.53656460004216,23:34:45
False,191,-35.55878823039959,5.53664858015339,23:34:45
False,191,-35.34309275641728,5.823800625638623,23:34:50
False,191,-35.12706639335798,6.1087141450647735,23:34:55
False,191,-34.90970675289383,6.392738765621491,23:35:00
True,192,-34.691624659154776,6.675096174031827,23:35:06
False,192,-34.691561001827765,6.675178216718374,23:35:06
False,192,-34.47280305594517,6.955838507248199,23:35:11
False,192,-34.253135025714016,7.235130176686671,23:35:16
False,192,-34.0328563345775,7.512700257579313,23:35:21
True,193,-33.81239281696888,7.788051399938037,23:35:26
False,193,-33.8123281630314,7.788131795701719,23:35:26
False,193,-33.590423184365505,8.062857527898576,23:35:31
False,193,-33.36781295998642,8.33606284053818,23:35:36
False,193,-33.1444052597668,8.607886746123382,23:35:42
True,194,-32.920299518888925,8.878233664854264,23:35:47
False,194,-32.920234257409795,8.878312057491986,23:35:47
False,194,-32.69557207532846,9.147039102554375,23:35:52
False,194,-32.47026553895083,9.414280900996692,23:35:57
False,194,-32.2443395414267,9.680035172201713,23:36:02
True,195,-32.01758059217834,9.944577006341438,23:36:07
False,195,-32.017514241154885,9.944654095803982,23:36:07
False,195,-31.790181710617862,10.20770442347254,23:36:12
False,195,-31.562801661566795,10.468689830583909,23:36:18
False,195,-31.334248579752654,10.728927875087868,23:36:23
True,196,-31.104922440995107,10.987978437374663,23:36:28
False,196,-31.104900240153988,10.988003416881607,23:36:28
False,196,-30.87508057614241,11.245574725007634,23:36:33
False,196,-30.64470864177164,11.50175945140295,23:36:38
False,196,-30.413693469956993,11.75668293405936,23:36:43
True,197,-30.18181125943101,12.010611895890133,23:36:48
False,197,-30.181765940163764,12.010661335430159,23:36:48
False,197,-29.95020422026077,12.262326304952053,23:36:53
False,197,-29.717481625483227,12.513364821213981,23:36:59
False,197,-29.484139090681854,12.763208657160288,23:37:04
True,198,-29.250154352402333,13.011902906494337,23:37:09
False,198,-29.25008543155442,13.011975892560615,23:37:09
False,198,-29.015795151498963,13.259186727269656,23:37:14
False,198,-28.780681276590844,13.505483341317232,23:37:19
False,198,-28.545236141622425,13.750371305180941,23:37:24
True,199,-28.308875026141916,13.994478785567683,23:37:29
False,199,-28.30880606748596,13.994549754094876,23:37:29
False,199,-28.07282247844839,14.23656762188543,23:37:35
False,199,-27.836739202630508,14.477021222606634,23:37:40
False,199,-27.599072687088526,14.717435767013061,23:37:45
True,200,-27.36080091793425,14.95683074343763,23:37:50
False,200,-27.36073145664457,14.956900296973165,23:37:50
False,200,-27.12277952330283,15.194373833115497,23:37:55
False,200,-26.8840951296229,15.431002847072879,23:38:00
False,200,-26.644545550767184,15.666933079854342,23:38:05
True,201,-26.40438939108065,15.90192505867361,23:38:10
False,201,-26.404319039850286,15.901993674680961,23:38:10
False,201,-26.163853099837677,16.135776844178707,23:38:16
False,201,-25.922816626745856,16.368625485150346,23:38:21
False,201,-25.681303495765,16.600467378017782,23:38:26
True,202,-25.439199387947905,16.83143028798554,23:38:31
False,202,-25.439128831990597,16.831497388678475,23:38:31
False,202,-25.196845301754294,17.061208661822718,23:38:36
False,202,-24.953941050683714,17.290106926806466,23:38:41
False,202,-24.710660121176613,17.51798000941417,23:38:46
True,203,-24.46682685471026,17.745010578983727,23:38:52
False,203,-24.466755179306126,17.745077117558385,23:38:52
False,203,-24.222677708758273,17.970996836809476,23:38:57
False,203,-23.978180024676583,18.195988765205225,23:39:02
False,203,-23.7332825358561,18.42005231306317,23:39:07
True,204,-23.487952549466172,18.643235226040037,23:39:12
False,204,-23.48790486147479,18.643278486397158,23:39:12
False,204,-23.242341755655442,18.865417997626945,23:39:17
False,204,-22.996948984962774,19.086172481659162,23:39:22
False,204,-22.750467164047212,19.306691257292485,23:39:28
True,205,-22.504254613009127,19.525775901783703,23:39:33
False,205,-22.504182058503066,19.52584028862271,23:39:33
False,205,-22.257151386622535,19.744476643779947,23:39:38
False,205,-22.009536734908068,19.96247012247011,23:39:43
False,205,-21.762167328311737,20.179110243239112,23:39:48
True,206,-21.513865255316464,20.395445512738167,23:39:53
False,206,-21.513792809899467,20.3955084695175,23:39:53
False,206,-21.26589180645222,20.610394203307337,23:39:58
False,206,-21.016793743487828,20.825231773951263,23:40:03
False,206,-20.767455430023915,21.039207350909106,23:40:09
True,207,-20.51783867918306,21.252370875810676,23:40:14
False,207,-20.517765790708204,21.252432968282136,23:40:14
False,207,-20.267828768565987,21.464836302175772,23:40:19
False,207,-20.017619723902065,21.676455003592736,23:40:24
False,207,-19.76685393544315,21.88754452298461,23:40:29
True,208,-19.515806293918583,22.097887882186143,23:40:34
False,208,-19.51573259510956,22.097949489051658,23:40:34
False,208,-19.264550314511272,22.307439775106786,23:40:39
False,208,-19.012894903291958,22.516374994797747,23:40:45
False,208,-18.760986953196674,22.72458656629176,23:40:50
True,209,-18.5087446674575,22.932157273095076,23:40:55
False,209,-18.508695269549747,22.932197834040398,23:40:55
False,209,-18.25626951528461,23.13901871758074,23:41:00
False,209,-18.004079996455964,23.34476424784127,23:41:05
False,209,-17.751726144208877,23.54977921682033,23:41:10
True,210,-17.49835541914874,23.754767630389647,23:41:15
False,210,-17.49828094718134,23.754827757687817,23:41:15
False,210,-17.244892145026387,23.9589933405641,23:41:21
False,210,-16.990998498335525,24.162743046156212,23:41:26
False,210,-16.73685209199474,24.365887783391337,23:41:31
True,211,-16.48316682125479,24.56787452336642,23:41:36
False,211,-16.48309209487245,24.567933906675243,23:41:36
False,211,-16.228551196047917,24.76982544921679,23:41:41
False,211,-15.973645066523169,24.971243758881496,23:41:46
False,211,-15.718598747963727,25.17202485438393,23:41:51
True,212,-15.46327754025165,25.37228887768301,23:41:57
False,212,-15.46320297884226,25.37234725510053,23:41:57
False,212,-15.20779242241266,25.571962631848418,23:42:02
False,212,-14.952045477293936,25.771136415812578,23:42:07
False,212,-14.696766267326169,25.96925822676864,23:42:12
True,213,-14.44046099359446,26.16750035544665,23:42:17
False,213,-14.440385773409508,26.167558437376485,23:42:17
False,213,-14.184735548248135,26.364633935220617,23:42:22
False,213,-13.928115740223195,26.56180905854155,23:42:27
False,213,-13.671440017334776,26.758392634235804,23:42:32
True,214,-13.414333771966719,26.954684379018815,23:42:38
False,214,-13.41423324070823,26.95476101138855,23:42:38
False,214,-13.157882590245258,27.14987068918115,23:42:43
False,214,-12.900536583592613,27.345144628188034,23:42:48
False,214,-12.642850828042567,27.540094908498403,23:42:53
True,215,-12.384881337560925,27.73469111448397,23:42:58
False,215,-12.384831050127282,27.73472899364205,23:42:58
False,215,-12.126843261445204,27.92878372247054,23:43:03
False,215,-11.868657805766338,28.12244510538863,23:43:08
False,215,-11.610253466164995,28.31574142268846,23:43:14
True,216,-11.351501755499237,28.508780623149253,23:43:19
False,216,-11.35145148478783,28.508818077736414,23:43:19
False,216,-11.092906314442066,28.701199833646285,23:43:24
False,216,-10.833936672795208,28.893406467505525,23:43:29
False,216,-10.57484128178004,29.085227921912328,23:43:34
True,217,-10.31565694703669,29.27664946038256,23:43:39
False,217,-10.31560625234296,29.276686856414862,23:43:39
False,217,-10.056374091480313,29.467690645103332,23:43:44
False,217,-9.796978436478971,29.658374328891686,23:43:50
False,217,-9.537388744739152,29.84877223785654,23:43:55
True,218,-9.27768893533685,30.038834761140254,23:44:00
False,218,-9.27763843422104,30.038871680957374,23:44:00
False,218,-9.017787117305259,30.228641005374705,23:44:05
False,218,-8.757867680676902,30.418068306971268,23:44:10
False,218,-8.49787462096895,30.60716968905527,23:44:15
True,219,-8.237630240182026,30.796086022455643,23:44:20
False,219,-8.237554266897972,30.79614112036525,23:44:20
False,219,-7.977325131577856,30.984690545385135,23:44:25
False,219,-7.716924063194328,31.173020638834892,23:44:31
False,219,-7.456443396016222,31.36107621728317,23:44:36
True,220,-7.196476190955638,31.54844191451328,23:44:41
False,220,-7.196400241867306,31.548496607730442,23:44:41
False,220,-6.935855447783934,31.735970483216843,23:44:46
False,220,-6.6748939069731765,31.923447012529422,23:44:51
False,220,-6.414573493142456,32.11017837092,23:44:56
True,221,-6.153410598320773,32.297240193064816,23:45:01
False,221,-6.153334183149387,32.29729488757242,23:45:01
False,221,-5.892173559632025,32.484092412760084,23:45:07
False,221,-5.631016098340939,32.67063673738092,23:45:12
False,221,-5.369706769217184,32.8570499785363,23:45:17
True,222,-5.108298555488424,33.04330553915984,23:45:22
False,222,-5.108222046533343,33.043360020145464,23:45:22
False,222,-4.846829581224272,33.2293875430968,23:45:27
False,222,-4.585112625673315,33.41544031131808,23:45:32
False,222,-4.323478532447995,33.60123986889643,23:45:37
True,223,-4.062488056879018,33.78640011726418,23:45:43
False,223,-4.0624372374004745,33.78643615425608,23:45:43
False,223,-3.8013432859241623,33.97149890444812,23:45:48
False,223,-3.539524453305746,34.15691508556537,23:45:53
False,223,-3.2784070248020063,34.34168579163107,23:45:58
True,224,-3.016422020628512,34.526932319507296,23:46:03
False,224,-3.016370753774404,34.526968556893735,23:46:03
False,224,-2.7547090609817673,34.71185955516317,23:46:08
False,224,-2.4925939275827727,34.896954979359485,23:46:13
False,224,-2.2305267075467947,35.08191167065403,23:46:18
True,225,-1.968659845813347,35.26663329765833,23:46:24
False,225,-1.9685829022795183,35.26668756117106,23:46:24
False,225,-1.706497232274825,35.451480867143175,23:46:29
False,225,-1.4451533301507753,35.63567985587376,23:46:34
False,225,-1.1830073255544404,35.82038368666897,23:46:39
True,226,-0.9218192319787412,36.00436330658774,23:46:44
False,226,-0.9217167583030952,36.00443548032185,23:46:44
False,226,-0.659777722030778,36.18890563642566,23:46:49
False,226,-0.39771663723520895,36.373434261600664,23:46:54
False,226,-0.13643181198450308,36.55739987449019,23:47:00
True,227,0.12494556525659113,36.741425184162324,23:47:05
False,227,0.12499683414930896,36.7414612807066,23:47:05
False,227,0.38709209233872355,36.92599751010061,23:47:10
False,227,0.6491370439889739,37.110514815281284,23:47:15
False,227,0.9114535444843149,37.29525088406857,23:47:20
True,228,1.173605908109756,37.479909939847325,23:47:25
False,228,1.1737085388247621,37.47998224149663,23:47:25
False,228,1.4358782223475337,37.66470313756669,23:47:30
False,228,1.6979737347356822,37.84943242916149,23:47:36
False,228,1.9600753678181055,38.03423774902285,23:47:41
True,229,2.2219661908668336,38.21897712379832,23:47:46
False,229,2.222042528435685,38.219030985909306,23:47:46
False,229,2.483991147834356,38.403904933166366,23:47:51
False,229,2.7462243584188917,38.58908480437035,23:47:56
False,229,3.0084169564969634,38.77435226284484,23:48:01
True,230,3.270357915169803,38.95956917758159,23:48:06
False,230,3.2704087801974504,38.95960515702166,23:48:06
False,230,3.532207266462608,39.14485964865897,23:48:11
False,230,3.7939735147297577,39.33024076996113,23:48:17
False,230,4.055847363078386,39.51585887402723,23:48:22
True,231,4.317737355489536,39.701660552175966,23:48:27
False,231,4.317813749042374,39.701714776912624,23:48:27
False,231,4.579394552843612,39.88748030728173,23:48:32
False,231,4.841179524187231,40.07358547154515,23:48:37
False,231,5.102674783418828,40.25969047725092,23:48:42
True,232,5.36403885737446,40.44591909170425,23:48:47
False,232,5.364141074956559,40.44599196828791,23:48:47
False,232,5.6254663699361425,40.632421398383045,23:48:53
False,232,5.886628554644378,40.81897412219449,23:48:58
False,232,6.148014453415082,41.005938139963604,23:49:03
True,233,6.409250386475747,41.19305793303074,23:49:08
False,233,6.409326513676683,41.19311250138751,23:49:08
False,233,6.670377930286104,41.38037460978014,23:49:13
False,233,6.930670372593086,41.567377100143105,23:49:18
False,233,7.191663927263833,41.75518066357253,23:49:23
True,234,7.452589128105139,41.943244595958205,23:49:29
False,234,7.452666111477106,41.94330012919064,23:49:29
False,234,7.713289444912594,42.13146752597006,23:49:34
False,234,7.97385308594159,42.319924505583295,23:49:39
False,234,8.233572644373853,42.508114056408004,23:49:44
True,235,8.493282444388521,42.6966511253649,23:49:49
False,235,8.493333006452524,42.69668786635214,23:49:49
False,235,8.753386276086642,42.88584184373406,23:49:54
False,235,9.01365595096054,43.07553376137974,23:49:59
False,235,9.273786189793743,43.26551688161588,23:50:05
True,236,9.533781437219876,43.45580636140503,23:50:10
False,236,9.533857693205851,43.45586223347696,23:50:10
False,236,9.792943420716503,43.64590143817248,23:50:15
False,236,10.05265931722571,43.836831618776465,23:50:20
False,236,10.312248483172858,44.02811038589643,23:50:25
True,237,10.571596342309414,44.219665276753034,23:50:30
False,237,10.571646802109862,44.21970259146034,23:50:30
False,237,10.830755476128564,44.41154699636885,23:50:35
False,237,11.090002253865908,44.60397301712272,23:50:40
False,237,11.348976619649399,44.7966888034194,23:50:46
True,238,11.607066750991613,44.98924904701665,23:50:51
False,238,11.607091870452777,44.98926781341356,23:50:51
False,238,11.865652878763946,45.18269581495884,23:50:56
False,238,12.123461990451494,45.37608942325604,23:51:01
False,238,12.38162067935672,45.57028731092938,23:51:06
True,239,12.639695214451752,45.76497783589215,23:51:11
False,239,12.639720317839933,45.764996801289264,23:51:11
False,239,12.896148412328492,45.959009645261915,23:51:16
False,239,13.15384856253233,46.15456564392657,23:51:22
False,239,13.411228705048615,46.350474039297005,23:51:27
True,240,13.668488104267604,46.54689930384878,23:51:32
False,240,13.6685383155904,46.5469377020473,23:51:32
False,240,13.92558277453473,46.74382131515869,23:51:37
False,240,14.182316869765508,46.94110276540505,23:51:42
False,240,14.439115470184875,47.13908397751385,23:51:47
True,241,14.695688283582125,47.33755547721783,23:51:52
False,241,14.695763585668118,47.33761382598121,23:51:52
False,241,14.952117126244765,47.5365942294967,23:51:57
False,241,15.208451605809115,47.736253084589826,23:52:03
False,241,15.464239980151044,47.93619301359222,23:52:08
True,242,15.719780383463677,48.13665935281906,23:52:13
False,242,15.71985492734998,48.136717937568726,23:52:13
False,242,15.97539801925593,48.3379222814858,23:52:18
False,242,16.230602727975484,48.53961037850863,23:52:23
False,242,16.48552263037985,48.74183795781166,23:52:28
True,243,16.74035789686999,48.944778488321525,23:52:33
False,243,16.74038251926309,48.944798134816935,23:52:33
False,243,16.994836633237323,49.148229942801336,23:52:39
False,243,17.248876097739977,49.352139140464764,23:52:44
False,243,17.502832300259417,49.55680624936227,23:52:49
True,244,17.756652959563425,49.762205202744795,23:52:54
False,244,17.756726970299937,49.762265218663835,23:52:54
False,244,18.01004891080675,49.96811655331818,23:52:59
False,244,18.26318364776632,50.17468723123804,23:53:04
False,244,18.516013834348104,50.3818967143287,23:53:09
True,245,18.768595839131358,50.58980628387418,23:53:15
False,245,18.768645257808238,50.58984705175449,23:53:15
False,245,19.02099277508975,50.798483805600526,23:53:20
False,245,19.27306546721766,51.00782990677734,23:53:25
False,245,19.524814883191198,51.21786050298254,23:53:30
True,246,19.776270424451567,51.428615587133145,23:53:35
False,246,19.77637031026594,51.42869950057791,23:53:35
False,246,20.027318447847076,51.64001506202863,23:53:40
False,246,20.278030255991006,51.852134047001805,23:53:45
False,246,20.52848680814678,52.065057219152166,23:53:51
True,247,20.778436089707593,52.27858565006933,23:53:56
False,247,20.778484927855978,52.27862747436324,23:53:56
False,247,21.02832978999102,52.49312199383937,23:54:01
False,247,21.277739984609475,52.70831601673663,23:54:06
False,247,21.526837019024686,52.92433040691236,23:54:11
True,248,21.775746926379586,53.14129234270566,23:54:16
False,248,21.7758195426338,53.14135580251211,23:54:16
False,248,22.024233190292115,53.35901305528606,23:54:21
False,248,22.27230319992341,53.577515077580905,23:54:27
False,248,22.520165328152206,53.79699973314613,23:54:32
True,249,22.7675852387052,54.017277364379815,23:54:37
False,249,22.76763319060607,54.017320172073035,23:54:37
False,249,23.013910283578234,54.23777854320669,23:54:42
False,249,23.260540475879708,54.45977378888927,23:54:47
False,249,23.506859286352437,54.68273153897617,23:54:52
True,250,23.752667409198196,54.90648896642446,23:54:57
False,250,23.752715205167764,54.906532598910175,23:54:57
False,250,23.998052748753476,55.13114305220237,23:55:02
False,250,24.243056765144782,55.35674997329519,23:55:08
False,250,24.487727055555975,55.58337277183992,23:55:13
True,251,24.73200937048639,55.81098066019393,23:55:18
False,251,24.73205703716011,55.81102520595841,23:55:18
False,251,24.97563957219571,56.039344622753646,23:55:23
False,251,25.219205961078185,56.26903621588233,23:55:28
False,251,25.46216603153412,56.49956465143791,23:55:33
True,252,25.703765505320398,56.730223949753395,23:55:38
False,252,25.703812737872155,56.73026918389332,23:55:38
False,252,25.945699153462307,56.96265035332829,23:55:44
False,252,26.187470543122245,57.196396296262826,23:55:49
False,252,26.427891401759194,57.43032726704887,23:55:54
True,253,26.667918602784745,57.66538665076947,23:55:59
False,253,26.667965522685698,57.665432749093675,23:55:59
False,253,26.908125096587167,57.90216264326567,23:56:04
False,253,27.14772201374446,58.13990315826526,23:56:09
False,253,27.387095331181335,58.37901325007941,23:56:14
True,254,27.625928831001055,58.61920019268096,23:56:20
False,254,27.625998429492316,58.6192704238862,23:56:20
False,254,27.86425113017976,58.86051338728136,23:56:25
False,254,28.102012713439574,59.10292344097263,23:56:30
False,254,28.339115079526923,59.34634943577035,23:56:35
True,255,28.575677252757025,59.5909336172835,23:56:40
False,255,28.575723249012313,59.59098134182585,23:56:40
False,255,28.811803802542148,59.836806941712965,23:56:45
False,255,29.047373972286316,60.08386673748026,23:56:50
False,255,29.282381150288842,60.332128116573465,23:56:56
True,256,29.516772107583776,60.58155658798654,23:57:01
False,256,29.51681767789527,60.581605260749726,23:57:01
False,256,29.75063308187922,60.83226644085525,23:57:06
False,256,29.98332192694813,61.08358546842616,23:57:11
True,257,30.448197673438223,61.59140330915054,23:57:21
False,257,30.448265308887184,61.59147775826449,23:57:21
False,257,30.67976058667157,61.84727822745245,23:57:26
False,257,30.910714659405784,62.1044677113316,23:57:31
False,257,31.141123484847977,62.36306766571659,23:57:37
True,258,31.370881696851487,62.622984852161196,23:57:42
False,258,31.370926207579885,62.62303540630195,23:57:42
False,258,31.600014841048722,62.884272607389256,23:57:47
False,258,31.82783702001863,63.146164524660726,23:57:52
False,258,32.055761608501875,63.41031161123041,23:57:57
True,259,32.28298954980842,63.6758233051867,23:58:02
False,259,32.28303364829589,63.675875046828146,23:58:02
False,259,32.509552763499336,63.94276212562405,23:58:07
False,259,32.73559440275801,64.2113250723684,23:58:13
False,259,32.960748239919106,64.4811025757958,23:58:18
True,260,33.18534168618617,64.75251245342176,23:58:23
False,260,33.18538529846623,64.75256538323886,23:58:23
False,260,33.409127278556696,65.02528290950505,23:58:28
False,260,33.63217970249921,65.29953007799267,23:58:33
False,260,33.85461568045366,65.57542618780018,23:58:38
True,261,34.07625120918553,65.85277123565056,23:58:43
False,261,34.07631574552801,65.85285235364614,23:58:43
False,261,34.297191878508116,66.13172489883203,23:58:49
False,261,34.517328411466316,66.41217727495994,23:58:54
False,261,34.736597441463836,66.69407331582957,23:58:59
True,262,34.95525690693593,66.97777432576738,23:59:04
False,262,34.95532055924034,66.97785729367456,23:59:04
False,262,35.173068886129165,67.2630023144395,23:59:09
False,262,35.39020397455609,67.55001089795451,23:59:14
False,262,35.60634221069068,67.83840523722283,23:59:19
True,263,35.821952374257855,68.12884245307691,23:59:25
False,263,35.821994132043514,68.12889897256598,23:59:25
False,263,36.03654795477207,68.42069915926703,23:59:30
False,263,36.250290702372794,68.71422170366186,23:59:35
False,263,36.46313031384043,69.00937017825811,23:59:40
True,264,36.6752145045858,69.30638129994466,23:59:45
False,264,36.675276655272974,69.30646877053358,23:59:45
False,264,36.88637373155674,69.60504981409547,23:59:50
False,264,37.09669123316806,69.9055246197354,23:59:55
False,264,37.306179206738086,70.20785715030136,00:00:00
True,265,37.51473441213607,70.51193126880406,00:00:06
False,265,37.51477486869017,70.51199055816315,00:00:06
False,265,37.72248299156049,70.81796513649714,00:00:11
False,265,37.92920172104802,71.12566279488978,00:00:16
False,265,38.1350599733099,71.4353088544692,00:00:21
True,266,38.34003713867269,71.74690921157979,00:00:26
False,266,38.34007698902683,71.74697011427132,00:00:26
False,266,38.54394029364823,72.06020326752842,00:00:31
False,266,38.746792384089474,72.37525560426168,00:00:36
False,266,38.9486020535376,72.69211051201984,00:00:42
True,267,39.149439906975864,73.01091257938769,00:00:47
False,267,39.14949833981272,73.01100584593937,00:00:47
False,267,39.34942345484306,73.33188798381366,00:00:52
False,267,39.548388815171315,73.65481322747115,00:00:57
False,267,39.74620783744868,73.97951298729677,00:01:02
True,268,39.94316443652316,74.3064912922312,00:01:07
False,268,39.94322185685918,74.30658716559837,00:01:07
False,268,40.138441014109894,74.63441448384856,00:01:12
False,268,40.33310415516761,74.96510543920908,00:01:18
False,268,40.52670875587697,75.2978590617788,00:01:23
True,269,40.719278035359025,75.63275521339564,00:01:28
False,269,40.71933422498238,75.63285351350268,00:01:28
False,269,40.91068378326499,75.96960884102022,00:01:33
False,269,41.10102127240783,76.30862570353516,00:01:38
False,269,41.29022180452067,76.64972357304492,00:01:43
True,270,41.47834868500983,76.9930578633349,00:01:48
False,270,41.47838508509243,76.99312470405128,00:01:48
False,270,41.66513637414776,77.3381796867604,00:01:54
False,270,41.85072086968847,77.6853727644675,00:01:59
False,270,42.03531047693843,78.0350724815608,00:02:04
